{
  "credit": "Made with Blockbench",
  "parent": "builtin/entity",
  "texture_size": [
    128,
    128
  ],
  "display": {
    "thirdperson_righthand": {
      "rotation": [
        -1.53,
        -1.26,
        -3.27
      ],
      "translation": [
        0,
        -1.75,
        -5.25
      ],
      "scale": [
        0.732421875,
        0.732421875,
        0.732421875
      ]
    },
    "thirdperson_lefthand": {
      "rotation": [
        -1.53,
        -1.26,
        -3.27
      ],
      "translation": [
        0,
        -1.75,
        -5.25
      ],
      "scale": [
        -0.732421875,
        0.732421875,
        0.732421875
      ]
    },
    "firstperson_righthand": {
      "rotation": [
        2.5,
        -1.5,
        -4.94
      ],
      "translation": [
        0.5,
        -3,
        -4.75
      ],
      "scale": [
        0.732421875,
        0.732421875,
        0.732421875
      ]
    },
    "firstperson_lefthand": {
      "rotation": [
        2.5,
        -1.5,
        -4.94
      ],
      "translation": [
        0.5,
        -3,
        -4.75
      ],
      "scale": [
        -0.732421875,
        0.732421875,
        0.732421875
      ]
    },
    "ground": {
      "translation": [
        0,
        0,
        2.75
      ],
      "scale": [
        0.732421875,
        0.732421875,
        0.732421875
      ]
    },
    "gui": {
      "rotation": [
        30,
        140,
        0
      ],
      "translation": [
        2.5,
        0,
        0
      ],
      "scale": [
        0.625,
        0.625,
        0.625
      ]
    },
    "fixed": {
      "rotation": [
        0,
        90,
        0
      ],
      "translation": [
        7,
        -2.75,
        0
      ]
    }
  }
}